ADP,PLAYER,POS,TEAM,GP,MPG,FG%,FT%,3:00 PM,PTS,TREB,AST,STL,BLK,TO,TOTAL
2.4,Nikola Jokic,C,DEN,6,32.7,0.574(10.5/18.3),0.841(6.1/7.3),2,29.1,12.8,10.4,1.3,0.9,3.4,18.07
3.4,Victor Wembanyama,"PF,C",SA,5,30,0.510(8.4/16.5),0.839(5.4/6.5),1.8,24.1,11.8,3.7,1.1,3,3.7,13.97
4.5,Shai Gilgeous-Alexander,PG,OKC,4,32.5,0.565(10.8/19.1),0.888(8.1/9.1),2.1,31.8,4.5,6.1,1.3,0.8,2,15.44
6.2,Giannis Antetokounmpo,"PF,C",MIL,2,32.7,0.618(9.9/16.1),0.674(5.6/8.4),0.6,26.1,9.8,5.6,1,0.8,2.8,4.58
7.9,Anthony Edwards,"PG,SG",MIN,4,37.1,0.495(10.0/20.2),0.774(4.5/5.8),3.3,27.7,5.9,4.2,1.5,0.8,3,7.59
8.2,Cade Cunningham,"PG,SG",DET,1,30.2,0.447(7.9/17.6),0.833(4.1/4.9),2,21.8,4.7,8.4,1.1,0.9,3.4,3.17
11.4,Karl-Anthony Towns,"PF,C",NY,5,32.8,0.479(7.0/14.6),0.874(5.3/6.1),1.7,21,12.1,3,1.2,0.6,2.4,7.85
11.7,Devin Booker,"PG,SG",PHO,4,32.6,0.453(8.5/18.8),0.860(5.5/6.4),1.9,24.3,4,5.3,0.9,0.3,2.8,3.26
12.2,Trae Young,PG,WAS,1,28,0.422(5.8/13.7),0.868(5.1/5.9),2.1,18.8,2.3,8.5,0.8,0.1,3.6,1.27
15,Stephen Curry,PG,GS,2,30.4,0.468(9.2/19.7),0.916(4.5/4.9),4.5,27.5,3.7,4.7,0.9,0.4,2.7,5.01
15.5,James Harden,"PG,SG",CLE,6,33.8,0.453(6.5/14.4),0.852(6.1/7.2),3,22.1,4,8.5,1.2,0.4,3.1,7.11
17.6,Kevin Durant,"SG,SF,PF",HOU,4,34,0.525(8.5/16.3),0.889(4.4/4.9),1.9,23.3,5.5,3.8,0.7,0.9,2.7,6.67
18,Tyrese Maxey,PG,PHI,2,37.2,0.457(9.6/21.0),0.882(5.9/6.7),3.4,28.4,3.8,6,1.9,1,2.1,6.99
18.8,Donovan Mitchell,"PG,SG",CLE,6,31.8,0.473(8.9/18.7),0.853(4.5/5.3),3.4,25.6,4.5,5.2,1.6,0.4,2.7,7.85
19.2,Evan Mobley,"PF,C",CLE,5,30.9,0.531(7.7/14.6),0.617(2.5/4.0),1.2,19.1,9.1,3.6,1.1,1.9,2.1,5.48
19.5,Alperen Sengün,"PF,C",HOU,6,32.2,0.521(7.5/14.4),0.696(3.4/4.8),0.5,18.9,8.4,5.5,1,0.9,2.7,2.34
21.2,Amen Thompson,"PG,SG,SF",HOU,6,35.4,0.535(6.8/12.6),0.789(3.7/4.7),0.5,17.7,7.6,5.3,1.6,0.5,2.6,4.68
22,Jalen Brunson,PG,NY,6,33.8,0.452(9.3/20.5),0.826(4.2/5.1),2.7,25.5,2.8,7.2,0.7,0.1,2.3,2.74
25,Jalen Williams,"SF,PF",OKC,3,30,0.457(7.0/15.4),0.834(3.0/3.6),1,18.1,5.6,5.6,1.6,0.6,2.2,2.19
25.6,Jalen Johnson,"SF,PF",ATL,5,34.2,0.483(8.0/16.5),0.794(4.6/5.8),1.7,22.2,9.9,7.8,1.2,0.6,3.3,6.95
26.1,Chet Holmgren,"PF,C",OKC,6,28.4,0.540(6.5/12.0),0.798(3.2/4.0),1.7,17.9,9.5,2.1,0.8,1.8,2,6.48
26.7,Scottie Barnes,"SG,SF,PF,C",TOR,6,33.9,0.494(7.0/14.2),0.831(2.8/3.3),1,17.8,7.4,5,1.5,1.7,2.2,7.52
27.9,LaMelo Ball,"PG,SG",CHA,4,30.2,0.429(7.3/17.0),0.831(3.1/3.8),2.7,20.4,5.3,7.2,1,0.4,3.2,3.3
28.4,Paolo Banchero,"PF,C",ORL,6,34.7,0.461(8.0/17.4),0.773(6.2/8.0),1.3,23.5,8.6,4.8,0.8,0.9,2.7,2.63
28.9,Josh Giddey,"PG,SG",CHI,5,32.1,0.461(6.6/14.3),0.746(3.1/4.2),2.1,18.3,9.1,8.5,1,0.3,3.3,3.73
29.2,Jaylen Brown,"SG,SF",BOS,6,34.1,0.472(10.1/21.5),0.784(4.8/6.1),1.7,26.8,7.2,5,1,0.6,2.6,4.09
30.6,Pascal Siakam,"SF,PF,C",IND,4,32.9,0.480(9.3/19.4),0.677(4.0/5.9),1.9,24.6,7.2,5,1,0.4,2,2.07
32.3,Bam Adebayo,"PF,C",MIA,6,30.2,0.468(7.0/14.9),0.780(2.8/3.5),2,18.7,9.8,2.9,1,0.7,1.9,3.14
33.3,LeBron James,"SF,PF",LAL,4,32,0.504(7.9/15.6),0.776(3.1/4.0),1.4,20.3,5.7,6.3,1,0.6,3.7,3.08
33.7,Derrick White,"PG,SG",BOS,6,34.2,0.407(5.6/13.7),0.841(2.4/2.9),2.4,15.9,4.6,4.9,1.4,1.6,2.2,4.02
35.4,Franz Wagner,"SF,PF",ORL,2,31.1,0.472(7.1/15.1),0.860(3.6/4.2),1.3,19.2,4.8,3.9,1,0.3,1.9,1.11
37.1,Dyson Daniels,"PG,SG,SF",ATL,6,32,0.485(4.4/9.1),0.624(1.1/1.7),0.3,10.2,5.7,6.4,1.9,0.6,1.9,0.97
37.3,Jamal Murray,"PG,SG",DEN,6,33.8,0.492(8.6/17.5),0.884(3.4/3.8),2.9,23.5,4.1,7,0.9,0.5,2.3,6.91
40.5,De'Aaron Fox,"PG,SG",SA,5,31.2,0.467(7.0/15.0),0.763(2.5/3.3),1.8,18.3,3.9,6.1,1.3,0.3,2.3,1.52
41.9,Cooper Flagg,"PG,SG,SF",DAL,4,32.4,0.470(8.0/17.1),0.804(4.6/5.8),1.2,21.9,7.1,4.4,1.2,0.8,2.2,3.99
42.1,Zion Williamson,"SF,PF,C",NO,4,29.1,0.548(8.2/15.0),0.769(7.2/9.4),0.1,23.8,5.6,3.7,1.2,0.6,2.6,2.28
42.9,Trey Murphy III,"SG,SF,PF",NO,4,33.3,0.477(7.5/15.7),0.896(3.2/3.6),3.2,21.3,5.8,3.6,1.4,0.4,1.9,6.4
44.5,Desmond Bane,"SG,SF",ORL,6,33.7,0.489(7.8/15.8),0.932(3.6/3.9),2.3,21.4,4.7,4.3,1,0.4,2.3,5.69
46.1,Myles Turner,C,MIL,6,25.9,0.435(4.2/9.7),0.737(1.2/1.7),1.9,11.6,5.9,1.3,0.6,1.3,1.5,-1.2
47.7,Kawhi Leonard,"SF,PF",LAC,3,32.1,0.501(9.1/18.2),0.899(5.7/6.4),2.7,26.6,5.7,3.6,1.7,0.4,1.7,6.32
50.5,Joel Embiid,C,PHI,4,29.4,0.487(8.4/17.3),0.834(8.0/9.6),1.2,26.1,7.3,3.8,0.6,1,3.1,5.34
50.5,Brandon Miller,"SF,PF",CHA,6,32.8,0.421(6.3/14.9),0.838(3.1/3.7),2.8,18.4,4.7,3.6,0.9,1,2,2.19
50.7,Deni Avdija,"SG,SF,PF",POR,5,32.1,0.469(7.0/14.9),0.805(5.9/7.3),1.7,21.6,6.7,6.4,0.9,0.7,3.2,4.13
53.5,Kristaps Porzingis,"PF,C",GS,3,22.9,0.463(4.8/10.4),0.816(3.0/3.6),1.4,14,5.1,1.8,0.7,1.2,1.4,-0.15
55.2,Lauri Markkanen,"SF,PF",UTA,2,33.3,0.483(8.5/17.5),0.896(4.9/5.4),2.9,24.7,6.4,1.9,0.8,0.4,1.6,3.52
55.5,Jarrett Allen,C,CLE,4,28.2,0.631(6.3/10.0),0.733(2.6/3.6),0,15.2,8.6,2.2,1.1,1,1.3,3.32
55.6,Jalen Duren,C,DET,5,28.6,0.635(8.9/14.1),0.738(4.4/6.0),0,22.2,10.7,1.6,0.9,1,1.9,5.34
59.8,Coby White,"PG,SG",CHA,4,23.8,0.440(4.4/10.0),0.850(3.2/3.7),2.1,14.1,2.7,2.5,0.7,0.2,1.5,-2.19
61.4,Miles Bridges,"SF,PF",CHA,4,30.4,0.443(5.0/11.3),0.826(2.0/2.5),1.8,13.8,5.1,2.6,0.4,0.7,1.4,-1.72
64.3,DeMar DeRozan,"SF,PF",SAC,5,28,0.487(5.6/11.4),0.873(3.7/4.3),0.9,15.7,3.4,3.6,1.2,0.2,1,1.2
64.6,Julius Randle,"PF,C",MIN,6,33.8,0.479(6.6/13.8),0.789(4.8/6.1),1.6,19.6,6.7,5.1,1,0.2,2.8,1.85
65.4,OG Anunoby,"SF,PF",NY,5,32.3,0.460(5.5/12.0),0.784(2.6/3.3),2,15.7,4.2,2.1,1.6,0.8,1.9,1.54
66.5,Deandre Ayton,C,LAL,6,28.3,0.610(5.5/9.1),0.680(0.8/1.2),0.1,11.9,7.7,0.9,0.7,0.8,1.3,-0.36
66.6,Brandon Ingram,"SG,SF,PF",TOR,5,33.9,0.473(8.3/17.6),0.848(4.1/4.8),1.7,22.4,4.7,3.7,0.7,0.5,2.5,2.26
67,Rudy Gobert,C,MIN,6,31.6,0.664(4.3/6.5),0.654(2.5/3.8),0,11.2,11.9,1.8,0.6,1.8,1.2,2.77
67.1,Payton Pritchard,PG,BOS,6,31.3,0.459(5.5/11.9),0.857(1.7/2.0),1.9,14.5,4,5,0.9,0.1,1.4,-0.06
67.7,Darius Garland,PG,LAC,4,31.4,0.450(6.8/15.0),0.862(2.8/3.3),2.2,18.5,2.8,7.5,1,0.1,2.8,2.12
71.3,Jordan Poole,"PG,SG",NO,4,18,0.399(3.6/9.0),0.860(1.8/2.1),1.8,10.8,1.7,2.5,0.6,0.2,1.6,-4.89
71.4,Josh Hart,"SG,SF,PF",NY,6,30.5,0.494(5.0/10.1),0.769(1.2/1.6),1.5,12.7,7.3,5.2,1.2,0.3,2.1,1.9
71.4,Michael Porter Jr.,"SF,PF",BKN,1,31.7,0.466(8.1/17.3),0.828(2.9/3.6),3.4,22.4,6.9,2.9,0.6,0.2,2.6,1.48
71.4,Tyler Herro,"PG,SG",MIA,4,29.2,0.461(6.9/15.0),0.866(2.7/3.1),2,18.5,4.2,3.8,0.7,0.1,2.1,0.19
73.6,Andrew Nembhard,"PG,SG",IND,5,30,0.459(5.6/12.3),0.831(3.5/4.2),1.8,16.5,3.1,6.9,1.1,0.2,1.8,1.72
74.7,Immanuel Quickley,"PG,SG",TOR,5,31.9,0.442(6.1/13.7),0.823(1.9/2.3),2.7,16.7,4,6.1,1.2,0.1,1.9,1.83
76.2,Jalen Green,"PG,SG,SF",PHO,4,27.3,0.415(6.3/15.3),0.801(3.0/3.8),2,17.7,4.4,3.2,0.8,0.3,2.2,-2.31
76.3,Jakob Poeltl,C,TOR,3,28,0.690(5.0/7.2),0.640(1.4/2.1),0,11.3,9.6,2.4,0.9,1.1,1.6,1.14
77.6,Mikal Bridges,"SG,SF,PF",NY,6,30.2,0.477(5.0/10.5),0.794(1.1/1.4),1.5,12.6,4.1,3.3,1.2,0.9,1.5,0.7
78.2,Isaiah Hartenstein,C,OKC,3,28.6,0.639(4.3/6.8),0.734(1.9/2.5),0,10.5,10.4,3.3,1,1,1.5,1.59
79.5,Ausar Thompson,"SG,SF,PF",DET,6,26,0.494(4.6/9.2),0.627(2.0/3.2),0.4,11.5,5.5,2.1,1.5,1,1.3,-1.35
81.2,Paul George,"SG,SF,PF",PHI,2,30,0.449(6.5/14.4),0.860(2.3/2.7),2.4,17.7,4.1,3.2,1.2,0.7,1.8,1.34
83.1,Matas Buzelis,"SF,PF",CHI,5,31.2,0.461(6.3/13.7),0.781(2.1/2.7),2.4,17.2,6.4,1.8,1,1.7,2.2,3.48
83.3,Mark Williams,C,PHO,4,22,0.623(4.3/6.8),0.784(2.1/2.7),0,10.7,7.4,1.5,0.6,1,1,-0.13
83.4,Alexandre Sarr,C,WAS,2,27.4,0.497(6.8/13.6),0.748(2.1/2.8),1,16.7,8.5,2.7,0.7,2,2,2.27
83.9,Cam Thomas,"SG,SF",MIL,6,20.3,0.422(4.0/9.6),0.867(2.5/2.9),1.3,11.8,1.7,1.7,0.3,0.1,1.1,-5.99
84.8,Donovan Clingan,C,POR,5,28.8,0.551(5.6/10.1),0.710(2.0/2.8),1.2,14.3,12.2,2,0.5,1.8,1.1,4.37
85.3,Kel'el Ware,"PF,C",MIA,6,22,0.554(4.2/7.6),0.824(1.1/1.4),1,10.6,8.7,0.9,0.9,1.2,0.9,1.94
86.3,Anfernee Simons,"PG,SG",CHI,3,25.1,0.453(4.9/10.9),0.888(1.8/2.1),3,14.6,2,3,0.4,0.1,1.5,-2.54
87.4,Shaedon Sharpe,"PG,SG,SF",POR,1,30.2,0.446(7.3/16.3),0.798(2.6/3.3),2.1,19.2,4.4,2.8,1.3,0.3,2,0.08
88.1,Christian Braun,"SG,SF,PF",DEN,6,30.9,0.496(4.8/9.7),0.817(2.1/2.5),1,12.7,3.8,2.2,1,0.5,1,-1.21
88.6,Norman Powell,"SG,SF",MIA,3,28.9,0.468(6.5/13.8),0.862(4.4/5.1),2.6,19.9,3.5,2.2,1,0.2,1.8,1.19
90.1,Cameron Johnson,"SG,SF,PF",DEN,4,30.2,0.463(5.6/12.0),0.844(2.1/2.4),2.5,15.6,3.7,2.4,0.7,0.4,1.2,-0.35
92.3,Bennedict Mathurin,"SG,SF",LAC,5,30,0.433(5.3/12.1),0.872(4.2/4.9),1.9,16.6,4.5,1.9,0.5,0.2,1.7,-1.46
93,John Collins,"PF,C",LAC,5,29.3,0.529(5.8/11.1),0.815(2.6/3.1),1.4,15.6,5.9,1,1.1,1.2,1.8,2.77
93.5,Naz Reid,"PF,C",MIN,6,25.2,0.490(5.2/10.6),0.741(1.3/1.7),2.1,13.7,5.4,1.9,1,0.9,1.3,0.66
93.9,RJ Barrett,"SG,SF,PF",TOR,6,32,0.503(7.3/14.5),0.681(3.0/4.4),1.6,19.2,5.3,3.7,0.6,0.3,2.3,-1.68
94.1,Onyeka Okongwu,"PF,C",ATL,4,29.4,0.473(5.0/10.6),0.787(2.4/3.1),2,14.5,8.1,3.5,0.9,1.1,1.9,2.9
97.8,Devin Vassell,"SG,SF",SA,5,30.6,0.439(5.4/12.2),0.868(1.7/1.9),2.6,15,4,2.8,1,0.4,1.3,0.19
100.6,CJ McCollum,"PG,SG",ATL,6,29.3,0.453(6.0/13.2),0.807(1.7/2.1),2.5,16.2,3.2,3.5,0.7,0.4,1.4,-0.73
103.3,Nicolas Claxton,C,BKN,4,30.3,0.577(5.3/9.1),0.706(3.1/4.4),0,13.7,8.1,3.8,1,1.3,1.6,1.81
103.3,Jalen Suggs,"PG,SG",ORL,5,24.8,0.467(4.7/10.0),0.812(1.8/2.2),1.6,12.7,3.1,2.9,1.6,0.7,1.9,0.47
105.2,Draymond Green,"PF,C",GS,4,28.1,0.456(3.3/7.2),0.702(1.3/1.8),1.1,8.9,6.1,5.1,1,0.8,2.5,-0.77
106.5,Santi Aldama,"PF,C",MEM,3,28,0.479(5.6/11.8),0.757(2.2/2.8),2,15.4,6.3,2.8,0.8,0.7,1.2,0.4
108.2,Toumani Camara,"SF,PF,C",POR,5,33,0.442(5.0/11.2),0.738(1.4/1.9),2.6,13.9,4.8,2.5,1,0.4,1.6,-0.96
108.5,Andrew Wiggins,"SG,SF,PF",MIA,5,30.9,0.461(6.0/13.0),0.798(2.0/2.5),2.1,16.1,5.1,3.1,1,0.6,1.6,0.76
109.9,Kevin Porter Jr.,"PG,SG",MIL,6,32.8,0.462(5.7/12.2),0.853(4.1/4.8),1.3,16.7,5.2,6,1.7,0.4,3.6,4
110.2,Jrue Holiday,"PG,SG",POR,4,30,0.445(5.6/12.6),0.831(1.5/1.8),2.6,15.2,5,5.8,1.1,0.3,1.6,2.1
112.7,Reed Sheppard,"PG,SG",HOU,6,26.4,0.436(5.0/11.4),0.771(1.5/1.9),2.7,14.1,3,3.4,1.5,0.5,1.7,0.54
113,Tari Eason,"SG,SF,PF",HOU,5,25.4,0.423(4.3/10.1),0.734(1.4/1.9),1.6,11.5,6.2,1.5,1.2,0.7,1.2,-1.49
113.5,Aaron Gordon,"PF,C",DEN,2,26.1,0.485(4.5/9.2),0.785(2.6/3.3),1.5,13,6,3.9,0.6,0.4,1.3,-0.86
116.2,Keyonte George,"PG,SG",UTA,1,28.2,0.454(6.2/13.8),0.885(4.9/5.5),2,19.3,3.5,5.5,0.9,0.3,2.5,1.88
116.7,Jaden McDaniels,"SF,PF",MIN,6,30,0.501(5.7/11.4),0.809(1.7/2.1),1.2,14.3,4.9,3,0.9,1,1.5,1.13
116.7,Stephon Castle,"PG,SG",SA,6,30.2,0.457(5.8/12.7),0.754(3.9/5.2),1,16.5,4.6,6.9,1.2,0.3,2.9,-0.11
118.1,Bobby Portis,"PF,C",MIL,5,26.9,0.477(5.7/12.0),0.790(0.5/0.6),2.2,14.1,7,1.6,0.8,0.5,1.1,0.09
118.2,Tobias Harris,PF,DET,6,28.2,0.458(6.0/13.2),0.867(2.0/2.3),1.3,15.4,6.1,2.7,1,0.4,1.1,0.47
119.9,Herbert Jones,"SG,SF,PF",NO,4,29.5,0.437(3.2/7.4),0.856(1.7/2.0),1.3,9.5,3.8,3,1.5,0.6,1.3,-0.07
121.2,Jabari Smith Jr.,"SF,PF,C",HOU,6,33.4,0.462(6.0/13.1),0.802(2.2/2.7),2.4,16.6,6.7,1.5,0.9,0.8,1.2,1.48
121.5,Brandin Podziemski,"PG,SG",GS,5,32.3,0.466(6.3/13.6),0.755(2.2/2.9),2.3,17.1,6.7,4.8,1.1,0.2,1.5,1.88
123.6,Donte DiVincenzo,"PG,SG",MIN,6,28,0.436(4.1/9.5),0.759(0.9/1.1),2.7,11.8,3.3,3.7,1.2,0.3,1.3,-0.57
124.4,Cason Wallace,"PG,SG,SF",OKC,6,28.5,0.447(3.4/7.5),0.800(0.5/0.6),1.4,8.6,3.4,2.4,2,0.6,0.8,-0.01
126.8,Klay Thompson,"SG,SF",DAL,6,25.5,0.436(5.1/11.6),0.929(1.0/1.1),3.3,14.5,2.7,1.7,0.5,0.3,1.1,-1.56
128.5,Ace Bailey,"SG,SF,PF",UTA,5,31.9,0.451(6.7/15.0),0.720(1.8/2.5),1.5,16.8,5.5,1.5,0.7,0.5,1.4,-2.99
128.9,Malik Monk,"PG,SG",SAC,5,26.8,0.453(5.4/11.9),0.841(2.0/2.4),2.4,15.3,2.8,3.5,1,0.5,1.9,0.13
129.4,Dennis Schröder,"PG,SG",CLE,5,24.4,0.421(3.7/8.7),0.836(1.8/2.1),1.4,10.6,2.2,4.7,0.9,0.1,1.5,-2.9
130.6,Mike Conley,PG,MIN,3,19.9,0.370(2.0/5.5),0.890(0.9/1.0),1.1,6,2,3.6,0.8,0.2,0.9,-7.22
131.1,Yves Missi,C,NO,3,19.8,0.548(2.9/5.2),0.622(1.4/2.2),0,7.1,6.6,1,0.4,1.4,0.9,-5.89
131.6,Amir Coffey,"SF,PF",PHO,2,11.6,0.446(1.5/3.4),0.880(0.7/0.8),0.7,4.4,1.2,0.6,0.3,0.1,0.3,-11.91
132.1,Zaccharie Risacher,"SF,PF",ATL,5,21.6,0.453(3.7/8.1),0.704(1.1/1.5),1.3,9.7,2.8,1,0.6,0.4,1,-5.8
132.2,Nikola Jovic,"PF,C",MIA,2,15.4,0.435(2.3/5.3),0.787(0.9/1.1),1.2,6.6,3.3,1.8,0.5,0.2,0.8,-8.15
132.3,Jonathan Kuminga,"SF,PF",ATL,5,23.4,0.474(5.2/10.9),0.765(2.7/3.6),1,14.1,4.8,1.9,0.7,0.4,1.4,-3.12
132.4,Jayson Tatum,"SF,PF",BOS,3,27.1,0.449(6.8/15.2),0.846(4.0/4.7),2.5,20.1,6.3,4.3,0.8,0.4,2,1.74
132.6,Bogdan Bogdanovic,"SG,SF",LAC,2,18.2,0.421(3.0/7.1),0.840(1.0/1.2),1.1,8.1,2,1.9,0.6,0.2,0.9,-8.24
132.8,Javonte Green,"SG,SF",DET,4,16.1,0.464(1.9/4.2),0.735(0.8/1.0),0.7,5.3,3.3,0.7,0.9,0.5,0.5,-5.57
133.7,Isaiah Collier,"PG,SG",UTA,5,26.8,0.484(5.8/12.0),0.744(2.8/3.7),0.7,15.1,3.9,7,1.3,0.5,3.5,0.11
134.3,P.J. Washington,"SF,PF,C",DAL,6,30.5,0.443(4.7/10.6),0.706(1.7/2.5),1.8,13,6.4,1.9,1,1.2,1.5,-0.38
134.3,Jared Butler,"PG,SG",PHO,1,10.8,0.460(2.0/4.4),0.837(0.7/0.9),0.6,5.4,1.1,2.4,0.5,0.1,0.9,-9.9
134.6,Alex Caruso,"SG,SF",OKC,4,19.3,0.460(2.5/5.4),0.785(0.7/0.9),1.2,7,2.7,2.4,1.3,0.6,0.9,-2.12
135.1,Quentin Grimes,"SG,SF",PHI,6,22,0.449(4.0/8.8),0.890(1.5/1.7),1.4,10.9,2.4,2.4,0.8,0.6,0.9,-2.18
135.1,Sam Hauser,"SF,PF",BOS,6,20.8,0.431(3.0/6.8),0.895(0.2/0.2),2.6,8.7,3.1,0.9,0.5,0.2,0.3,-4.18
135.6,Dejounte Murray,"PG,SG",NO,3,30.2,0.463(7.1/15.3),0.804(2.6/3.2),1.9,18.7,5.1,6.1,1.5,0.3,2.6,1.99
135.6,Brook Lopez,C,LAC,5,27.2,0.458(5.0/11.0),0.825(1.2/1.4),2.2,13.4,4.3,1.4,0.5,1,1.2,-1.1
135.6,Aaron Nesmith,"SG,SF",IND,5,30.4,0.431(5.2/12.2),0.811(1.7/2.1),2.6,14.8,4.3,1.5,0.6,0.4,1,-2.24
135.7,Isaiah Joe,"SG,SF",OKC,4,24.2,0.449(3.9/8.7),0.841(0.7/0.9),2.8,11.4,3.1,1.8,0.8,0.3,0.7,-2.07
135.7,Bronny James,"PG,SG",LAL,2,9.7,0.315(1.1/3.6),0.776(0.6/0.8),0.5,3.4,1,1.2,0.5,0.2,0.7,-13.39
136,Terance Mann,"SG,SF",BKN,6,28,0.456(3.6/7.9),0.813(1.1/1.4),1.1,9.5,3.9,3.6,1.1,0.3,0.8,-1.93
136.3,Buddy Hield,"SG,SF",ATL,2,17.2,0.426(3.1/7.2),0.852(0.5/0.5),1.9,8.5,2.4,1.6,0.6,0.3,0.9,-6.8
136.4,Jarred Vanderbilt,"PF,C",LAL,6,17.1,0.540(1.8/3.3),0.717(0.7/1.0),0.2,4.5,3.7,1.1,0.7,0.2,0.9,-6.41
136.5,Luguentz Dort,"SG,SF",OKC,6,26.8,0.398(2.9/7.3),0.835(0.7/0.9),1.7,8.3,3.4,1.3,0.9,0.5,0.7,-3.85
136.5,Clint Capela,C,HOU,3,13.6,0.565(2.6/4.5),0.603(0.8/1.4),0,5.9,5.6,0.7,0.4,0.7,0.5,-8.4
136.9,Jonas Valanciunas,C,DEN,5,15.4,0.554(3.4/6.1),0.822(1.4/1.7),0.2,8.4,6.1,1.5,0.3,0.7,1.1,-2.97
137,Nickeil Alexander-Walker,"PG,SG,SF",ATL,6,33,0.451(7.2/16.0),0.818(2.2/2.6),3.4,19.9,3.7,3.4,1.3,0.7,1.5,3.44
137,Isaiah Stewart,"PF,C",DET,3,23.4,0.513(3.8/7.4),0.750(1.3/1.8),1,10,5.5,1.2,0.4,1.9,1,-0.62
137.3,Daniel Gafford,C,DAL,4,25,0.640(6.0/9.4),0.693(2.1/3.0),0,14,8.2,1.6,0.7,1.2,1.1,1.45
137.3,T.J. McConnell,PG,IND,5,18.1,0.528(4.4/8.3),0.757(0.8/1.0),0.2,9.8,2.5,4.8,1.3,0.2,0.9,-1.63
137.4,Jordan Clarkson,"PG,SG",NY,4,16.3,0.424(3.2/7.5),0.814(1.0/1.2),1.1,8.3,1.9,2.5,0.4,0.1,1.4,-6.85
137.6,VJ Edgecombe,"PG,SG",PHI,6,34.4,0.437(6.5/14.8),0.821(2.7/3.3),2.4,18,5.1,5,1.3,0.7,1.9,3.17
137.7,Kyle Kuzma,"SF,PF",MIL,6,28.1,0.479(5.3/11.0),0.757(1.9/2.6),1.1,13.5,5.8,2.8,0.5,0.4,2.1,-2.92
137.9,Dylan Harper,"PG,SG",SA,6,24.7,0.469(4.3/9.2),0.807(2.6/3.2),1.2,12.5,2.7,3.5,1.1,0.4,1.6,-1.65
137.9,Tyus Jones,PG,DEN,4,20,0.424(3.0/7.1),0.863(0.4/0.5),1.4,7.9,2,4.8,0.7,0.1,0.8,-3.83
138,Mitchell Robinson,C,NY,4,18.9,0.601(1.9/3.2),0.585(0.7/1.2),0,4.5,9.3,0.8,0.9,0.9,0.6,-2.47
138.5,Wendell Carter Jr.,C,ORL,6,29.4,0.517(4.2/8.2),0.773(2.3/3.0),1.3,12.1,7.8,2.1,0.8,1,1.3,0.97
138.6,Harrison Barnes,"SF,PF",SA,6,24.1,0.467(3.5/7.4),0.826(1.7/2.0),1.6,10.2,2.9,1.2,0.5,0.1,0.6,-4.54
138.9,Gradey Dick,"SG,SF",TOR,6,20.3,0.415(3.2/7.7),0.856(1.3/1.5),1.4,9.1,2.3,1.2,0.6,0.1,0.9,-6.01
139.1,Jaime Jaquez Jr.,"SG,SF,PF",MIA,6,27,0.476(5.8/12.1),0.745(2.3/3.1),0.7,14.6,5,3.5,1,0.2,2,-2.58
139.1,Isaiah Jackson,C,LAC,5,15,0.568(2.7/4.7),0.731(1.3/1.8),0,6.6,4.4,0.9,0.5,0.9,0.7,-4.6
139.1,Dalton Knecht,"SG,SF",LAL,2,13.2,0.461(2.3/5.0),0.760(0.6/0.8),1.1,6.3,1.9,0.6,0.2,0.1,0.3,-11.03
139.2,Al Horford,"PF,C",GS,4,24.2,0.465(3.7/8.0),0.776(0.6/0.8),2,10,6.8,2.7,0.7,1.3,0.9,1.24
139.2,Hansen Yang,C,POR,3,18.4,0.495(2.6/5.2),0.682(1.3/1.9),0.2,6.6,4.1,2.2,0.4,0.9,1.3,-7.76
139.3,Anthony Black,"PG,SG,SF",ORL,5,28.5,0.431(4.7/10.9),0.780(2.4/3.1),1.3,13.1,3.5,4.1,1.3,0.5,2,-1.38
139.3,Collin Sexton,"PG,SG",CHI,5,26.7,0.480(5.4/11.1),0.859(3.4/4.0),1.7,15.8,2,3.2,0.6,0.2,2.1,-1.53
139.4,Davion Mitchell,PG,MIA,6,28.3,0.457(3.3/7.3),0.710(0.8/1.1),1,8.5,2.4,6.3,1.1,0.2,1.9,-2.58
139.6,Neemias Queta,"PF,C",BOS,4,24.4,0.670(5.0/7.4),0.715(1.4/2.0),0,11.4,8,1.4,0.7,1.4,1.2,1.77
139.6,Duncan Robinson,"SG,SF",DET,6,27.4,0.432(4.5/10.4),0.892(0.9/1.0),2.8,12.7,2.4,2,0.6,0.2,1.3,-2.96
140.1,Rui Hachimura,"SF,PF",LAL,6,27.3,0.506(4.4/8.6),0.754(1.3/1.7),1.4,11.4,4.1,1.1,0.6,0.4,0.7,-3.32
140.2,Ayo Dosunmu,"PG,SG,SF",MIN,5,28.8,0.499(5.9/11.8),0.867(1.6/1.9),1.7,15.1,2.8,3.3,0.8,0.4,1.3,0.06
140.3,Keon Ellis,"PG,SG",CLE,5,24.8,0.462(3.4/7.3),0.810(0.9/1.1),2.1,9.7,2.9,1.8,1.5,0.8,0.9,-0.02
140.3,Gary Trent Jr.,"SG,SF",MIL,5,18.8,0.390(3.1/7.8),0.837(0.8/1.0),1.6,8.5,1.9,1.6,0.8,0.1,0.5,-5.91
140.4,Grayson Allen,"PG,SG,SF",PHO,6,29.4,0.442(4.9/11.2),0.831(2.0/2.4),3.5,15.4,4.3,3.2,1.4,0.6,1.5,2.96
140.4,Scoot Henderson,PG,POR,5,29.8,0.435(5.0/11.5),0.793(2.8/3.5),1.7,14.5,3.3,5,1,0.2,3.3,-1.84
140.5,Brice Sensabaugh,"SG,SF,PF",UTA,5,27.9,0.459(5.9/12.9),0.892(1.5/1.7),2.8,16.1,4.5,2.4,0.9,0.2,2.3,0.21
140.7,Dillon Brooks,"SF,PF",PHO,2,31.4,0.445(6.6/14.8),0.845(3.4/4.0),2.1,18.6,3.4,1.9,1.1,0.2,1.1,-0.59
140.9,Jerami Grant,"SF,PF",POR,4,30,0.453(5.4/12.0),0.829(5.2/6.3),2.2,18.3,3.4,2.1,0.7,0.7,1.5,0.34
140.9,Obi Toppin,PF,IND,1,20.3,0.497(4.9/9.8),0.777(1.0/1.3),1.3,12,3.9,1.6,0.6,0.4,0.8,-4.15
141.1,Jared McCain,"PG,SG",OKC,4,19.4,0.449(3.6/8.0),0.852(1.4/1.7),1.5,10.2,1.7,1.8,0.9,0,1.1,-4.3
141.2,Tre Jones,"PG,SG",CHI,4,27.2,0.500(5.5/11.1),0.841(1.6/2.0),1,13.7,3.8,5.1,1.3,0.2,1.6,0.98
141.2,Russell Westbrook,"PG,SG",SAC,5,24.2,0.446(4.7/10.6),0.714(1.6/2.2),1.6,12.6,5.1,4.9,1.1,0.1,2.6,-1.87
141.3,Jay Huff,C,IND,5,25.1,0.468(3.9/8.2),0.820(1.1/1.3),1.8,10.6,4.7,1.5,0.7,2,1,1.37
141.5,Khris Middleton,"SF,PF",DAL,3,24.6,0.451(4.4/9.8),0.845(1.6/1.9),1.2,11.7,3.3,3.5,0.7,0.2,1.5,-4.24
141.6,Jeremy Sochan,"PF,C",NY,2,10,0.531(1.7/3.2),0.750(0.6/0.8),0.3,4.2,2,0.8,0.3,0.2,0.6,-11.56
141.7,Caris LeVert,"SG,SF",DET,6,20.2,0.416(3.1/7.5),0.736(1.4/1.9),1.2,8.8,2.6,3,0.7,0.4,1,-5.14
141.8,Cam Whitmore,"SF,PF",WAS,2,20,0.450(4.6/10.3),0.706(1.5/2.2),2,12.8,4.9,1.1,0.7,0.4,1.1,-4.99
141.8,Cole Anthony,PG,PHO,2,12.4,0.431(2.4/5.6),0.823(1.2/1.4),0.7,6.7,2.2,2.3,0.5,0.3,1,-8.75
141.9,Aaron Wiggins,"SG,SF",OKC,6,25,0.485(4.6/9.5),0.808(1.1/1.3),1.7,12,3.9,1.8,1.1,0.3,1,-1.35
142.2,Khaman Maluach,C,PHO,2,12.2,0.591(1.5/2.5),0.723(0.6/0.8),0,3.6,3,0.2,0.1,1,0.3,-9.14
142.4,Kelly Oubre Jr.,"SF,PF",PHI,3,30.4,0.460(6.1/13.2),0.782(2.4/3.0),1.4,16,5.2,1.5,1,0.6,1.2,-1.79
142.4,Adem Bona,C,PHI,4,18.2,0.561(2.5/4.5),0.691(1.5/2.2),0,6.6,5.6,0.6,0.6,1.4,1.4,-3.87
142.5,Ryan Kalkbrenner,C,CHA,5,19.7,0.665(2.8/4.3),0.732(0.7/1.0),0,6.4,4.9,0.6,0.6,1.2,0.6,-2.59
142.6,Scotty Pippen Jr.,"PG,SG",MEM,4,20.2,0.434(3.6/8.2),0.813(2.5/3.1),1.1,10.7,3,4.3,1.2,0.4,1.8,-1.79
142.9,Kyle Filipowski,"PF,C",UTA,5,28.2,0.499(5.9/11.8),0.754(2.1/2.7),1.1,14.8,7.8,2.7,1.1,0.4,1.9,0.42
142.9,Luke Kornet,C,SA,6,21.1,0.602(2.9/4.8),0.807(1.7/2.1),0,7.5,5.5,1.9,0.3,1,0.7,-2.69
143,Kon Knueppel,"SG,SF",CHA,6,32.7,0.485(6.3/13.0),0.860(3.1/3.6),3.6,19.3,5,3.5,0.7,0.2,1.6,3.64
143.2,Ty Jerome,"PG,SG",MEM,4,24,0.475(5.9/12.3),0.862(3.2/3.8),2.3,17.3,2.9,5,1.3,0.1,1.5,2.52
143.2,Carlton Carrington,"PG,SG",WAS,6,26.4,0.431(4.2/9.8),0.748(1.1/1.4),1.7,11.2,4.2,4,0.8,0.3,1.7,-2.74
143.6,Tre Johnson,"PG,SG,SF",WAS,6,24,0.430(4.4/10.3),0.822(1.9/2.3),1.8,12.5,2.2,1.6,0.5,0.3,1.1,-4.67
143.7,Egor Demin,"PG,SG",BKN,6,25.1,0.429(4.2/9.8),0.808(1.0/1.2),2.5,11.8,3.6,3.4,1,0.5,2,-1.23
143.9,Bilal Coulibaly,"SG,SF",WAS,6,27.1,0.418(3.8/9.0),0.772(2.3/3.0),1,10.8,5.2,2.7,1.4,1,1.9,-0.69
144.4,Moussa Diabaté,C,CHA,6,26.2,0.617(3.6/5.9),0.626(1.5/2.5),0,8.8,9.2,1.5,0.9,1.2,1.2,-0.57
144.6,Taylor Hendricks,"SF,PF,C",MEM,5,26.2,0.464(4.8/10.4),0.721(0.9/1.2),1.2,11.7,5.2,1.4,1,0.9,0.8,-1.4
,Ajay Mitchell,"PG,SG",OKC,4,28,0.481(5.2/10.9),0.872(2.3/2.7),1.3,14.1,4,4.4,1.5,0.5,1.5,2.68
,Maxime Raynaud,C,SAC,5,28.9,0.568(5.8/10.3),0.776(2.3/3.0),1.3,15.3,9,2.2,0.6,0.6,1.3,2.11
,Gui Santos,"SF,PF",GS,5,30.5,0.511(6.0/11.8),0.715(1.3/1.8),1.8,15.2,6.6,4,1.1,0.3,2.1,1.47
,Collin Gillespie,"PG,SG",PHO,6,27.9,0.436(4.5/10.2),0.771(1.1/1.4),3.1,13.1,4.1,5.1,1.3,0.2,1.3,1.44
,Precious Achiuwa,"PF,C",SAC,5,30.2,0.549(6.8/12.4),0.608(1.3/2.1),0.5,15.4,9.2,1.8,1,0.9,1.5,0.95
,Peyton Watson,"SF,PF",DEN,2,31.5,0.506(5.0/10.0),0.736(2.1/2.9),1.9,14.1,5.2,2,1,1.3,1.3,0.9
,De'Anthony Melton,"PG,SG",GS,4,26.9,0.443(5.6/12.7),0.816(2.0/2.4),2,15.2,3.5,2.8,1.6,0.5,1.3,0.87
,Ryan Rollins,"PG,SG",MIL,5,28.8,0.476(6.1/12.9),0.772(1.7/2.2),2.3,16.2,3.4,4.2,1.3,0.3,1.8,0.87
,Robert Williams III,C,POR,3,18.6,0.644(2.5/3.9),0.847(0.8/1.0),0,5.9,8.1,1,0.8,1.9,0.9,0.76
,Jarace Walker,"SF,PF",IND,5,28.1,0.453(5.5/12.2),0.818(1.1/1.4),2.1,14.2,6.1,2.1,1.1,0.8,2,0.72
,Derrick Jones Jr.,"SF,PF",LAC,5,29.9,0.502(4.5/9.0),0.782(1.9/2.4),1.3,12.2,4,1.1,1.4,1.1,1,0.7
,Luke Kennard,"PG,SG",LAL,3,28.1,0.465(4.6/9.9),0.903(1.2/1.3),2.9,13.3,3.9,4.7,0.9,0.1,1.7,0.64
,Royce O'Neale,"SF,PF",PHO,6,30.6,0.450(4.0/8.9),0.694(0.3/0.5),2.7,11,5.8,3.1,1,0.6,1.1,0.61
,Jalen Smith,"PF,C",CHI,4,27.1,0.493(4.8/9.8),0.776(1.6/2.0),1.4,12.6,8.7,1.4,0.4,1.1,0.9,0.33
,Oso Ighodaro,C,PHO,5,27.1,0.639(4.4/7.0),0.568(1.0/1.8),0,9.9,7.8,3.8,1.1,0.7,1.2,0.29
,Julian Champagnie,"SG,SF",SA,6,29.2,0.444(4.2/9.5),0.848(1.3/1.6),2.7,12.4,5.2,1.1,1.1,0.6,1.2,0.23
,Saddiq Bey,"SF,PF",NO,4,30,0.463(6.8/14.8),0.847(2.5/3.0),1.8,18,6.2,1.4,1,0.2,0.8,0.15
,Day'Ron Sharpe,C,BKN,6,24.6,0.561(4.1/7.3),0.726(1.6/2.2),0.2,10,8.9,2.2,0.8,1.1,1.6,0.05
,Daniss Jenkins,"PG,SG",DET,4,30.6,0.425(5.4/12.7),0.806(3.2/4.0),2.1,16.2,4.4,6.1,1,0.2,3,0.03
,Ziaire Williams,"SG,SF",BKN,6,28.4,0.431(4.3/10.0),0.874(2.2/2.5),2.2,13,4.6,1.6,1.3,0.4,1.3,-0.05
,Justin Champagnie,"SF,PF",WAS,6,24.6,0.499(4.5/9.0),0.759(0.9/1.2),1.2,11,6.1,1,1,1,0.8,-0.18
,Jalen Slawson,SF,IND,1,25.6,0.444(2.8/6.4),0.894(1.6/1.8),1,8.3,4.6,3,1,1,1,-0.22
,John Konchar,"SG,SF",UTA,3,22.7,0.455(2.8/6.2),0.842(1.4/1.7),1.2,8.2,5.7,2.1,1.1,0.9,0.9,-0.23
,Sam Merrill,"SG,SF",CLE,5,26.1,0.452(4.4/9.7),0.886(0.6/0.7),3.2,12.6,3.2,2.5,0.8,0.2,0.6,-0.69
,Ousmane Dieng,"SF,PF,C",MIL,5,29.8,0.445(5.2/11.6),0.781(1.0/1.3),1.8,13.2,5.3,2.7,1.1,0.5,1.5,-0.73
,Cedric Coward,"SG,SF",MEM,6,28.4,0.467(5.0/10.6),0.827(2.0/2.4),1.6,13.6,5.9,3,0.8,0.3,1.8,-0.78
,GG Jackson II,"SF,PF,C",MEM,6,28.8,0.495(5.5/11.2),0.729(2.9/4.0),1.8,15.8,4.8,1.2,0.8,1,1.3,-0.8
,Brandon Williams,PG,DAL,6,27.3,0.445(4.9/11.1),0.824(4.2/5.1),0.8,14.9,2.9,4,1.4,0.3,1.9,-0.82
,Naji Marshall,"SG,SF,PF",DAL,6,27.9,0.481(5.2/10.7),0.791(2.7/3.4),1,14,5.3,3.3,1.1,0.2,1.7,-0.96
,Tristan Da Silva,"SF,PF",ORL,4,27.9,0.477(4.3/8.9),0.870(1.7/2.0),2,12.3,4.5,2,0.6,0.3,1,-1.21
,Javon Small,"PG,SG",MEM,3,26.6,0.459(4.1/9.0),0.798(2.7/3.3),1.7,12.6,2.4,4.5,1,0.4,1.3,-1.27
,Will Riley,"SF,PF",WAS,6,29.4,0.440(5.9/13.4),0.783(2.5/3.2),1.9,16.2,4.3,2.3,1.2,0.3,1.3,-1.28
,Max Christie,"SG,SF",DAL,6,27.7,0.508(4.5/8.9),0.858(1.9/2.2),2.2,13.1,2.5,2.3,0.5,0.3,1.1,-1.37
,Kris Dunn,"PG,SG",LAC,5,26.5,0.453(2.9/6.3),0.712(1.0/1.4),1,7.7,3.7,3.4,1.7,0.5,1.4,-1.43
,Cam Spencer,"PG,SG",MEM,6,21.1,0.461(2.9/6.4),0.864(1.3/1.5),1.7,8.8,2,5.7,0.8,0.1,0.7,-1.61
,Isaac Okoro,"SF,PF",CHI,5,27,0.458(3.8/8.2),0.797(1.5/1.9),2,11,3.5,2.1,0.9,0.5,0.8,-1.63
,Noah Clowney,"PF,C",BKN,6,27.4,0.362(4.2/11.7),0.836(3.3/4.0),2,13.8,4.5,1.9,0.7,0.9,1.4,-1.65
,Paul Reed,"PF,C",DET,3,14.6,0.557(3.8/6.7),0.726(0.9/1.2),0.3,8.6,5.6,1.4,1,1,0.9,-1.67
,Danny Wolf,"PF,C",BKN,6,25.4,0.432(3.6/8.3),0.818(1.7/2.0),1.6,10.4,7.2,2.3,0.5,0.7,2,-1.7
,Leonard Miller,"SF,PF",CHI,3,24.2,0.543(4.9/9.0),0.784(1.8/2.3),0.5,12.1,6.9,2.1,0.5,0.5,0.8,-1.71
,Jake LaRavia,"SF,PF",LAL,6,28.4,0.454(3.5/7.8),0.742(2.2/3.0),1.5,10.8,4.7,2.9,1.2,0.5,1.7,-1.74
,Karlo Matkovic,"PF,C",NO,2,18.8,0.603(3.7/6.1),0.772(0.9/1.1),0.6,8.8,5.4,1.2,0.6,1.1,1.1,-1.81
,Collin Murray-Boyles,"PF,C",TOR,6,24.2,0.534(3.5/6.6),0.718(1.2/1.6),0.4,8.5,5.4,2.2,0.9,1,1.4,-1.83
,Matisse Thybulle,"SG,SF",POR,2,24.8,0.416(2.3/5.5),0.661(0.4/0.6),1.4,6.4,2.6,1.6,2,0.8,0.7,-1.84
,Derik Queen,"PF,C",NO,5,23,0.473(4.2/8.9),0.761(2.5/3.3),0.1,11.1,5.3,3.8,0.8,1,1.7,-1.92
,Tim Hardaway Jr.,"SG,SF",DEN,6,27.4,0.459(4.4/9.6),0.855(1.8/2.1),2.8,13.4,2.9,1.7,0.7,0.1,0.8,-1.92
,Jordan Miller,"SG,SF",LAC,5,24.8,0.514(4.0/7.8),0.811(1.6/2.0),1.6,11.2,3.4,1.9,0.9,0.3,1.5,-2.04
,Jaylon Tyson,"SG,SF",CLE,6,24,0.479(4.0/8.4),0.778(1.0/1.3),1.6,10.7,4.4,1.9,0.8,0.5,1.1,-2.06
,Jordan Goodwin,"PG,SG,SF",PHO,3,22.6,0.449(3.7/8.2),0.759(0.8/1.1),1.1,9.2,5.7,3.1,1.2,0.5,1.3,-2.1
,Marcus Smart,"PG,SG",LAL,6,28.1,0.402(3.4/8.6),0.843(1.8/2.2),1.4,10.1,2.2,3.4,1.6,0.3,2,-2.12
,Kobe Brown,"PF,C",IND,2,25.9,0.481(3.8/8.0),0.753(1.3/1.7),1.4,10.4,6,2.3,0.9,0.5,1,-2.12
,Justin Edwards,"SF,PF",PHI,4,22.6,0.457(5.5/12.0),0.829(0.9/1.1),1.5,13.3,3.3,1.5,1.1,0.4,1.1,-2.2
,Pelle Larsson,"SG,SF",MIA,5,25.2,0.475(3.8/7.9),0.816(3.1/3.8),1.6,12.2,3,2.2,0.8,0.2,0.8,-2.25
,Johnny Furphy,"SG,SF",IND,3,22.4,0.418(2.5/6.1),0.828(1.3/1.6),1.1,7.4,5.1,1.4,1.3,0.8,0.9,-2.3
,Cody Williams,"SG,SF",UTA,5,27.2,0.470(6.0/12.7),0.731(1.0/1.3),1.1,14,3.7,3,0.8,0.5,1.4,-2.49
,Tristan Vukcevic,"PF,C",WAS,4,18,0.468(4.1/8.8),0.779(2.0/2.5),1.4,11.6,4.7,1.5,0.5,0.9,1.5,-2.79
,Andre Drummond,C,PHI,4,19.9,0.538(3.6/6.6),0.626(1.2/1.9),0,8.3,9.4,0.7,1,0.6,1.3,-2.79
,Jericho Sims,C,MIL,4,20.5,0.627(3.6/5.8),0.663(0.6/0.9),0,7.8,5.9,1.4,0.4,0.9,1.2,-2.87
,Kobe Sanders,"SG,SF",LAC,5,23,0.461(4.3/9.3),0.818(1.0/1.2),1.6,11.2,1.9,3.1,1.2,0,2.4,-3.01
,Goga Bitadze,C,ORL,4,17.2,0.606(2.3/3.8),0.742(1.1/1.5),0,5.7,5.1,1.5,0.6,1.2,0.8,-3.01
,Nicolas Batum,"SF,PF",LAC,5,22.5,0.446(1.8/4.1),0.750(0.3/0.4),1.6,5.6,3.9,1.8,0.8,0.6,0.6,-3.11
,Cameron Payne,"PG,SG",PHI,3,20.9,0.434(4.0/9.2),0.864(1.2/1.4),1.7,11,1.9,4.3,0.9,0.2,1,-3.21
,Keldon Johnson,"SF,PF",SA,6,22.7,0.520(4.7/9.0),0.739(1.8/2.4),1.3,12.4,4.5,1.3,0.6,0.3,0.9,-3.29
,Svi Mykhailiuk,"SG,SF",UTA,4,24,0.456(4.0/8.7),0.800(0.7/0.9),2.3,11,2.9,2.3,0.6,0.2,1.3,-3.34
,AJ Green,"PG,SG,SF",MIL,6,29.2,0.397(3.5/8.8),0.838(0.6/0.7),2.7,10.3,3.5,2,0.7,0.2,0.8,-3.59
,Dylan Cardwell,"PF,C",SAC,2,20.7,0.478(2.5/5.3),0.645(1.8/2.7),0,6.8,4.4,0.2,1,2.4,1.2,-3.61
,Will Richard,"SG,SF",GS,3,20.1,0.456(3.5/7.6),0.796(1.1/1.4),1.6,9.6,3.6,2.5,1.2,0.1,1.1,-3.69
,Jeremiah Fears,"PG,SG",NO,5,25.1,0.434(4.6/10.5),0.795(1.8/2.2),1.3,12.2,2.8,3.5,1,0.1,2.3,-3.72
,Nick Richards,C,CHI,3,24.8,0.535(3.9/7.3),0.737(2.1/2.9),0,9.9,8.4,0.9,0.3,1.1,1.3,-3.73
,Jonathan Isaac,"SF,PF",ORL,4,15.6,0.459(2.2/4.8),0.698(1.0/1.5),0.6,6.1,4.5,0.6,0.8,1.2,0.5,-3.82
,Quinten Post,C,GS,5,19.5,0.449(3.2/7.2),0.818(0.5/0.7),1.9,8.9,3.9,1.5,0.4,0.5,0.9,-3.87
,Bruce Brown,"PG,SG",DEN,5,24.2,0.458(3.5/7.7),0.820(1.5/1.8),0.7,9.2,3.9,2.4,0.8,0.2,1.1,-4.04
,Josh Minott,"SF,PF",BKN,6,20.4,0.480(2.9/6.1),0.830(1.3/1.6),0.9,8.1,3.4,1.3,1,0.2,0.6,-4.08
,Elijah Harkless,SG,UTA,2,27.1,0.441(4.6/10.5),0.760(2.2/2.9),1.3,12.7,4,2.6,1.2,0.2,1.2,-4.08
,Drew Eubanks,C,SAC,3,20,0.597(3.0/5.0),0.727(1.3/1.8),0.1,7.3,6.1,1.3,0.4,1.1,1.1,-4.09
,Drake Powell,SG,BKN,3,19.5,0.447(4.4/9.9),0.880(0.9/1.0),1,10.7,2.6,2.7,1.1,0.4,1.7,-4.1
,Max Strus,"SG,SF",CLE,2,25.1,0.427(3.4/7.9),0.809(0.8/0.9),2,9.5,4,3.2,0.7,0.3,1.2,-4.11
,Dominick Barlow,"PF,C",PHI,6,22.7,0.542(3.0/5.5),0.735(1.2/1.7),0.3,7.4,4.8,1.3,0.5,0.7,0.3,-4.11
,Kyle Anderson,"PF,C",MIN,4,20.5,0.481(2.5/5.1),0.719(1.1/1.5),0.3,6.3,3.5,3.5,0.8,0.6,0.9,-4.25
,Vít Krejcí,"SG,SF",POR,5,20.4,0.479(2.9/6.0),0.726(0.5/0.7),2.1,8.3,2.8,2,0.5,0.3,1,-4.25
,Sandro Mamukelashvili,"PF,C",TOR,3,18.5,0.516(3.5/6.7),0.752(1.1/1.4),1.2,9.2,4.3,1.5,0.7,0.5,0.7,-4.27
,Devin Carter,"PG,SG",SAC,5,24.2,0.390(3.5/8.9),0.721(2.8/3.9),1,10.8,5.3,2.9,1.2,0.3,1.3,-4.34
,Nolan Traoré,PG,BKN,6,28.5,0.410(4.5/10.9),0.762(2.9/3.8),1.3,13.1,2.1,5.2,0.8,0.3,2.8,-4.38
,Aaron Holiday,"PG,SG",HOU,4,22.5,0.444(3.2/7.1),0.872(1.0/1.1),1.6,8.9,2.1,2.3,0.6,0.2,0.9,-4.4
,Olivier-Maxence Prosper,"PF,C",MEM,2,21.8,0.501(4.2/8.4),0.753(2.0/2.6),0.7,11.1,5.3,1.6,0.9,0.3,0.6,-4.44
,Ben Sheppard,"SG,SF",IND,5,24.9,0.405(2.6/6.4),0.892(0.6/0.7),1.5,7.3,3.3,1.7,0.9,0.2,0.5,-4.47
,Micah Potter,"PF,C",IND,3,20.1,0.505(3.5/7.0),0.812(0.7/0.9),1.5,9.2,4.4,1.1,0.6,0.4,1.1,-4.49
,Trendon Watford,"PF,C",PHI,4,18.4,0.496(3.3/6.7),0.756(1.7/2.2),0.6,8.9,3.7,3.2,0.5,0.3,1.5,-4.68
,Nique Clifford,"SG,SF",SAC,5,29.8,0.409(5.3/12.9),0.662(1.4/2.2),1.4,13.4,3.7,2.8,1.1,0.4,1.6,-4.69
,Patrick Williams,PF,CHI,5,23.2,0.416(3.1/7.5),0.748(1.0/1.3),1.3,8.5,3.4,1.6,0.8,0.6,1.2,-4.76
,Corey Kispert,"SF,PF",ATL,6,21,0.471(3.5/7.5),0.770(1.0/1.4),2.2,10.3,2.2,1.4,0.4,0.2,0.9,-4.78
,Kevin Huerter,"SG,SF",DET,6,20.4,0.434(3.2/7.3),0.733(0.4/0.6),1.6,8.3,2.7,2,0.7,0.3,0.8,-4.79
,Mouhamed Gueye,"PF,C",ATL,3,17.1,0.473(2.3/4.8),0.772(1.1/1.4),0.7,6.3,4.6,0.9,0.7,1,0.5,-4.85
,Alondes Williams,SG,WAS,3,24.7,0.457(3.7/8.1),0.788(1.9/2.4),1.2,10.5,3.8,3.7,0.6,0.2,1.2,-4.86
,Jamal Shead,PG,TOR,6,20.9,0.404(2.9/7.3),0.778(0.8/1.0),1,7.7,1.7,5,0.8,0.2,1.7,-4.94
,Chaney Johnson,PF,BKN,2,23.6,0.459(2.7/6.0),0.733(2.0/2.7),0.7,8.2,5.2,1.5,1.2,0.4,0.8,-4.95
,Chaney Johnson,PF,BKN,2,23.6,0.459(2.7/6.0),0.733(2.0/2.7),0.7,8.2,5.2,1.5,1.2,0.4,0.8,-4.95
,Chaney Johnson,PF,BKN,2,23.6,0.459(2.7/6.0),0.733(2.0/2.7),0.7,8.2,5.2,1.5,1.2,0.4,0.8,-4.95
,Chaney Johnson,PF,BKN,2,23.6,0.459(2.7/6.0),0.733(2.0/2.7),0.7,8.2,5.2,1.5,1.2,0.4,0.8,-4.95
,Moussa Cisse,C,DAL,4,17.7,0.632(2.5/4.0),0.428(1.0/2.2),0,6,5.2,0.2,0.4,1.4,1.4,-4.97
,Nae'Qwan Tomlin,PF,CLE,3,19.7,0.472(3.3/7.0),0.829(1.5/1.8),0.2,8.3,5.4,0.5,0.8,0.7,0.5,-5.04
,Dean Wade,"SF,PF",CLE,4,20.9,0.413(1.9/4.5),0.640(0.3/0.5),1.4,5.5,4.2,1.1,0.7,0.4,0.4,-5.07
,Moritz Wagner,C,ORL,4,14.2,0.566(3.4/6.0),0.778(1.8/2.3),0.5,9,3.5,1,0.5,0.2,1.1,-5.17
,Jose Alvarado,PG,NY,6,17,0.417(2.6/6.2),0.789(0.7/0.9),1.4,7.3,2,2.8,0.7,0.2,0.9,-5.22
,Sion James,"SG,SF",CHA,6,19.4,0.435(2.4/5.5),0.845(1.1/1.3),1,6.9,1.4,2,0.7,0.4,1,-5.23
,Marcus Sasser,PG,DET,3,22.6,0.421(3.6/8.6),0.867(1.0/1.2),1.5,9.8,2,3.8,0.8,0.2,1.5,-5.32
,Cody Martin,"SG,SF,PF",IND,1,24.5,0.403(2.8/6.9),0.669(0.8/1.2),0.9,7.3,4.3,2.7,1.1,0.6,1.2,-5.42
,Josh Okogie,"SG,SF",HOU,6,20.8,0.414(2.0/4.9),0.740(1.7/2.2),1.2,6.9,3.2,1.2,0.9,0.4,0.8,-5.45
,Ron Holland II,"SF,PF",DET,6,20.1,0.474(3.2/6.6),0.758(1.5/1.9),0.6,8.3,3.5,1.3,0.8,0.3,1.2,-5.46
,Tyrese Martin,"PG,SG,SF",PHI,6,20.4,0.411(3.0/7.4),0.747(0.7/1.0),1.4,8.2,3.5,2.2,0.7,0.2,1.2,-5.62
,Jordan Walsh,"SG,SF,PF",BOS,4,14.2,0.518(2.1/4.1),0.798(0.7/0.8),0.5,5.4,3.1,0.5,0.8,0.3,0.5,-5.65
,Landry Shamet,"SG,SF",NY,4,20.5,0.445(3.1/7.0),0.787(0.7/0.9),1.6,8.5,1.7,1.1,0.7,0.2,0.7,-5.68
,Chimezie Metu,"PF,C",FA,1,16.8,0.504(2.4/4.8),0.913(1.2/1.3),0.6,6.6,3.8,0.9,0.9,0.3,1,-5.69
,Dennis Smith Jr.,PG,FA,1,18.9,0.434(2.7/6.1),0.743(0.8/1.1),0.6,6.7,3,3.7,1.2,0.2,1.2,-5.69
,Ochai Agbaji,"SG,SF",BKN,6,20.4,0.460(2.7/5.9),0.683(0.4/0.6),1,6.8,2.8,1.1,0.6,0.5,0.7,-5.71
,Julian Strawther,"SG,SF",DEN,4,20.1,0.431(3.2/7.5),0.795(1.0/1.3),1.4,8.9,2.1,1.4,0.6,0.2,0.8,-5.77
,Oscar Tshiebwe,"PF,C",UTA,2,15.7,0.578(2.8/4.9),0.741(1.6/2.1),0,7.2,7.5,0.6,0.8,0.1,0.6,-5.78
,Bones Hyland,"PG,SG",MIN,3,17.3,0.451(3.9/8.6),0.830(0.9/1.1),1.4,10,1.8,3.1,0.8,0.2,1.6,-5.79
,Bismack Biyombo,C,SA,4,19.6,0.576(2.1/3.7),0.454(0.5/1.2),0,4.8,5.5,1.3,0.4,0.9,1,-6.16
,Grant Williams,"PF,C",CHA,3,21.9,0.454(2.9/6.5),0.772(1.2/1.6),1.4,8.5,3.6,1.9,0.6,0.5,1.2,-6.18
,Ryan Dunn,"SF,PF",PHO,3,19.4,0.452(3.1/6.9),0.518(0.3/0.6),1.3,7.8,4.2,0.9,0.8,0.6,0.6,-6.28
,Josh Green,"SG,SF",CHA,4,21.4,0.452(2.3/5.1),0.683(0.6/0.8),1.1,6.2,2.3,1.5,0.8,0.2,0.8,-6.29
,Ryan Nembhard,PG,DAL,1,22.2,0.446(3.5/7.7),0.740(0.5/0.7),1,8.5,1.5,5,0.7,0.1,0.9,-6.31
,Dru Smith,"PG,SG",MIA,3,18.9,0.443(2.0/4.5),0.798(0.8/0.9),0.8,5.6,1.8,1.8,1.2,0.3,0.8,-6.51
,Kelly Olynyk,"PF,C",SA,3,14.4,0.536(2.3/4.2),0.810(1.3/1.6),0.5,6.3,3.4,2.6,0.6,0.3,1.3,-6.54
,Tyler Kolek,PG,NY,3,17.2,0.454(3.3/7.3),0.800(0.3/0.4),1,7.9,2.9,3.8,0.5,0.2,1.2,-6.64
,Gary Payton II,SG,GS,3,15.2,0.570(2.6/4.6),0.672(0.4/0.6),0.5,6.1,2.9,1.3,0.9,0.3,0.6,-6.73
,Guerschon Yabusele,"PF,C",CHI,3,20.6,0.453(3.2/7.0),0.731(1.1/1.6),1.2,8.7,4.5,1.7,0.7,0.3,1,-6.74
,Julian Reese,"PF,C",WAS,2,26.9,0.550(2.7/4.9),0.719(1.5/2.0),0,6.9,8.1,1.4,0.5,0.3,1.9,-6.74
,Thomas Bryant,C,CLE,2,14.1,0.523(2.4/4.6),0.866(1.0/1.1),0.5,6.3,4,0.8,0.4,0.6,0.5,-6.77
,Gary Harris,"SG,SF",MIL,4,19.4,0.424(1.8/4.2),0.714(0.4/0.6),1.1,5,1.5,1.1,0.7,0.3,0.5,-6.77
,Jase Richardson,SG,ORL,4,14.4,0.463(2.2/4.6),0.805(1.4/1.7),0.9,6.6,1.7,1,0.5,0.2,0.4,-6.78
,Jalen Wilson,"SF,PF",BKN,6,20.6,0.404(2.5/6.2),0.822(1.3/1.6),1.1,7.4,3.1,1.5,0.4,0.1,0.8,-6.79
,Spencer Jones,"SG,SF",DEN,5,19.5,0.510(2.4/4.7),0.755(0.4/0.5),1,6.2,0.8,0.7,0.7,0.1,0.7,-6.86
,Ben Saraf,SG,BKN,6,20.6,0.407(3.4/8.5),0.779(1.1/1.4),0.9,8.9,1.8,3.1,0.5,0.1,1.2,-6.88
,Jahmai Mashack,SG,MEM,2,16.9,0.426(2.3/5.3),0.625(0.5/0.8),1,6,2,1.5,1.4,0.4,1.3,-6.95
,Jaylin Williams,"PF,C",OKC,3,17.8,0.429(1.7/4.0),0.794(0.5/0.6),1,4.9,4.4,2,0.4,0.5,0.6,-6.96
,Marvin Bagley III,"PF,C",DAL,2,18.1,0.572(3.8/6.6),0.702(1.4/2.1),0.2,9.1,5.1,0.8,0.4,0.5,0.9,-6.98
,Gabe Vincent,"PG,SG",ATL,6,20.5,0.390(2.2/5.6),0.704(0.2/0.3),1.3,5.9,1.2,1.4,0.7,0.2,0.6,-7.12
,Tidjane Salaun,PF,CHA,3,20,0.461(3.0/6.4),0.731(1.3/1.8),1.1,8.3,5.2,1.4,0.5,0.3,1.1,-7.13
,Jalen Pickett,"PG,SG",DEN,2,19.1,0.461(2.7/6.0),0.710(0.2/0.3),1.3,7,2.2,3.3,0.6,0.1,0.8,-7.15
,Christian Koloko,C,ATL,3,16.2,0.539(2.1/4.0),0.716(0.5/0.7),0,4.8,4.1,0.9,0.4,1,0.7,-7.19
,Larry Nance Jr.,"PF,C",CLE,3,15.2,0.526(2.0/3.8),0.704(0.5/0.7),0.5,5,4,1.5,0.8,0.3,0.6,-7.21
,Jock Landale,C,ATL,3,17.5,0.524(2.5/4.7),0.761(1.1/1.4),0.6,6.6,4.3,1.4,0.4,0.4,0.7,-7.23
,Andre Jackson Jr.,"SG,SF",MIL,4,16.3,0.486(1.5/3.2),0.568(0.2/0.4),0.5,3.8,3.1,1.4,0.5,0.2,0.9,-7.26
,Walter Clayton Jr.,"PG,SG",MEM,3,19.4,0.440(2.8/6.3),0.855(1.5/1.7),1.4,8.4,1.7,1.9,0.6,0.2,1.1,-7.28
,Rob Dillingham,PG,CHI,2,22.7,0.436(4.3/9.9),0.541(0.3/0.6),1.5,10.4,2.1,4,0.8,0,2.2,-7.34
,Luka Garza,C,BOS,4,15.3,0.473(3.4/7.3),0.667(1.0/1.5),0.8,8.6,3.3,0.6,0.4,0.2,0.7,-7.54
,Keaton Wallace,"PG,SG",ATL,3,16.2,0.401(2.1/5.3),1.000(0.4/0.4),0.9,5.5,1.6,2.7,0.9,0.3,1.1,-7.55
,Caleb Martin,"SF,PF",DAL,4,16,0.429(2.0/4.7),0.701(0.8/1.1),0.6,5.4,2.5,1.3,0.5,0.3,0.7,-7.59
,Anthony Gill,PF,WAS,4,16.6,0.509(2.2/4.3),0.720(1.1/1.5),0.4,5.9,2.8,0.9,0.4,0.2,0.6,-7.61
,Tre Mann,"PG,SG",CHA,3,17.3,0.417(3.5/8.3),0.808(0.8/1.0),1.1,8.9,2.5,2.7,0.8,0.1,1.2,-7.73
,Bryce McGowens,"PG,SG",NO,3,22.7,0.456(2.8/6.1),0.774(1.9/2.4),0.9,8.4,2.8,1.9,0.6,0.3,0.9,-7.78
,Jeremiah Robinson-Earl,"PF,C",IND,1,18.7,0.460(2.4/5.1),0.827(0.7/0.8),0.8,6.2,4.5,1.3,0.6,0.1,0.8,-7.89
,Kasparas Jakucionis,PG,MIA,3,18.8,0.441(2.1/4.8),0.840(1.9/2.3),0.8,6.8,2.5,2.8,0.4,0.1,1.6,-8.41
,Kris Murray,"SF,PF",POR,3,25.4,0.429(2.8/6.5),0.550(0.7/1.2),0.8,7,4.3,1.6,0.9,0.4,1,-8.45
,AJ Johnson,"PG,SG",DAL,4,16,0.386(2.1/5.4),0.862(0.8/0.9),0.6,5.6,1.5,1.9,0.3,0.1,0.9,-8.48
,Zeke Nnaji,"PF,C",DEN,2,14.3,0.493(1.9/3.8),0.732(1.0/1.4),0.4,5.2,2.8,0.7,0.5,0.8,0.5,-8.58
,Kenrich Williams,PF,OKC,3,15.7,0.477(2.2/4.7),0.667(0.3/0.4),0.9,5.6,3.3,1.4,0.6,0.1,0.5,-8.59
,Cedi Osman,"SF,PF",FA,1,17.6,0.480(2.6/5.4),0.671(0.5/0.7),1.2,6.9,2.5,1.7,0.5,0.2,0.7,-8.63
,Jabari Walker,"PF,C",PHI,3,16.1,0.485(3.3/6.9),0.738(1.2/1.6),0.5,8.3,4.8,0.7,0.5,0.2,0.7,-8.64
,Xavier Tillman Sr.,"PF,C",CHA,2,13.5,0.465(1.9/4.0),0.688(0.5/0.8),0.3,4.6,3.6,1.2,0.7,0.5,0.7,-8.67
,Terrence Shannon Jr.,"SF,PF",MIN,3,17.6,0.482(3.0/6.1),0.813(0.9/1.1),0.6,7.4,2.5,1.7,0.4,0.3,0.8,-8.71
,Doug McDermott,"SF,PF",SAC,2,19.1,0.450(2.8/6.3),0.725(0.3/0.4),2.2,8.1,1.3,1.2,0.3,0.1,0.6,-8.72
,Daeqwon Plowden,"SF,PF",SAC,3,23.9,0.455(4.2/9.3),0.806(0.5/0.7),1.5,10.5,3.3,0.5,0.3,0.1,1.1,-8.74
,Keshon Gilbert,PG,ATL,1,16.1,0.394(1.3/3.3),0.783(1.3/1.7),0,3.9,1.7,1,0.7,1.3,2,-8.74
,Quenton Jackson,"PG,SG",IND,2,14.6,0.472(2.2/4.7),0.783(1.3/1.6),0.6,6.3,1.8,2.1,0.6,0.2,0.6,-8.76
,Jamison Battle,,TOR,3,17.7,0.430(2.6/6.0),0.871(0.3/0.3),1.8,7.2,2.7,0.9,0.3,0.2,0.5,-8.76
,Carter Bryant,SF,SA,3,14.4,0.459(1.6/3.5),0.686(0.8/1.2),0.8,4.9,3,0.7,0.5,0.7,0.7,-8.8
,Pat Spencer,"PG,SG",GS,2,14.8,0.350(2.1/6.0),0.913(1.4/1.5),0.4,5.9,2.3,2.6,0.8,0.1,0.8,-8.85
,Jaden Hardy,"PG,SG",WAS,3,20,0.421(4.0/9.5),0.734(1.3/1.7),1.7,10.9,2.3,2,0.5,0.1,1.5,-8.85
,Jaxson Hayes,C,LAL,2,14,0.720(2.1/2.9),0.620(0.8/1.3),0,4.9,3.5,0.7,0.5,0.6,0.6,-8.92
,Keon Johnson,"PG,SG",BKN,3,16.8,0.389(2.7/6.8),0.783(1.0/1.3),1.1,7.4,2.6,1.5,0.7,0.3,1,-8.95
,Ja'Kobe Walter,"PG,SG",TOR,3,18.2,0.404(2.6/6.5),0.796(1.1/1.4),1.1,7.4,2.6,1.3,0.7,0.2,0.8,-8.96
,Hugo González,SF,BOS,3,14.4,0.491(2.0/4.0),0.670(0.7/1.0),0.6,5.2,3.4,0.8,0.6,0.4,0.8,-9.04
,DeAndre Jordan,C,NO,2,14.7,0.635(2.1/3.3),0.448(0.7/1.6),0,4.9,6.1,1.1,0.3,0.6,0.9,-9.1
,Reggie Jackson,"PG,SG",PHI,1,17.3,0.425(3.0/7.1),0.800(0.7/0.9),1,7.7,1.6,2.8,0.5,0.1,1,-9.16
,Garrison Mathews,"SG,SF",ATL,2,16.3,0.423(1.9/4.4),0.824(0.9/1.1),1.5,6.1,1.6,0.9,0.4,0.2,0.5,-9.3
,Leaky Black,"SF,PF",WAS,2,18.5,0.467(3.5/7.5),0.714(1.0/1.4),0.5,8.5,3,0.5,0.4,0.5,0,-9.35
,Caleb Love,"PG,SG",POR,2,20.2,0.403(3.7/9.2),0.795(0.6/0.8),1.6,9.6,2.6,1.8,0.4,0,0.8,-9.48
,Ron Harper Jr.,SF,BOS,2,13.3,0.323(1.7/5.1),0.830(1.4/1.7),1.3,5.9,4.8,2.1,0,0,0,-9.56
,Evan Fournier,"SG,SF",FA,1,18.1,0.357(2.5/7.0),0.798(0.9/1.1),1,6.9,1.8,1.5,0.9,0.2,0.7,-9.56
,Noah Penda,SF,ORL,3,12.4,0.429(1.9/4.5),0.669(1.2/1.8),0.6,5.6,3.6,1.5,0.7,0.5,0.9,-9.58
,Sidy Cissoko,"SF,PF",POR,3,16,0.527(1.6/3.1),0.719(0.9/1.2),1,5.2,2.6,1.2,0.5,0,0.2,-9.6
,Dorian Finney-Smith,"SF,PF",HOU,3,19.7,0.416(1.8/4.3),0.707(0.3/0.4),1.2,5.1,2.6,0.9,0.5,0.3,0.5,-9.65
,Micah Peavy,"SG,SF",NO,3,16.4,0.453(2.4/5.2),0.700(0.8/1.1),0.6,6,2,1.3,0.9,0.2,0.9,-9.66
,Trey Jemison,"PF,C",NY,3,16.6,0.552(2.0/3.6),0.584(0.6/1.0),0,4.6,4.2,0.8,0.4,0.8,1,-9.69
,Rasheer Fleming,PF,PHO,2,13.8,0.482(1.8/3.7),0.719(0.7/1.0),0.6,4.9,2.8,0.4,0.5,0.5,0.5,-9.69
,Taurean Prince,SF,MIL,1,17,0.449(1.8/4.1),0.773(0.3/0.4),1.1,5.1,2,1,0.5,0.2,0.6,-9.74
,Tony Bradley,C,IND,2,8.7,0.644(2.3/3.5),0.340(0.2/0.5),0.1,4.8,3.2,0.5,0.2,0.7,0.4,-9.76
,Pete Nance,PF,MIL,3,10.4,0.606(2.0/3.3),0.588(0.1/0.2),1,5.1,1.9,0.6,0.3,0.1,0.4,-9.83
,Seth Curry,SG,GS,3,15.1,0.447(2.2/5.0),0.859(0.6/0.6),1.1,6.1,1.7,1,0.5,0.1,0.5,-9.86
,Trevelin Queen,"SG,SF",ORL,1,12.8,0.378(1.5/4.0),0.819(0.6/0.7),0.5,4.2,1.6,1.2,0.8,0.3,0.6,-9.97
,Nikola Topic,PG,OKC,3,15.4,0.460(2.6/5.7),0.828(1.3/1.6),0.5,7,1.5,1.8,0.4,0.1,0.7,-9.99
,PJ Hall,C,CHA,2,8,0.584(1.7/2.9),0.755(0.4/0.5),0.2,4,2.7,0.5,0,0.5,0.2,-10
,Kevin Love,"PF,C",UTA,2,10.4,0.421(1.8/4.2),0.769(0.9/1.2),1,5.4,3.9,1.2,0.3,0.1,0.6,-10.03
,Sharife Cooper,PG,WAS,3,13.4,0.564(2.2/3.9),0.833(0.5/0.6),0.6,5.4,2,1.6,0.2,0.1,1.4,-10.04
,Jaylen Clark,"SG,SF",MIN,2,13.1,0.467(1.4/3.0),0.787(0.7/0.9),0.6,4.1,1.3,0.7,0.9,0.1,0.2,-10.06
,Simone Fontecchio,"SF,PF",MIA,2,14.2,0.436(2.0/4.6),0.827(0.6/0.8),1.1,5.7,2.3,0.8,0.4,0.2,0.6,-10.18
,John Poulakidas,,DAL,1,15.6,0.395(1.7/4.3),0.714(0.1/0.1),1,4.5,3.3,0.7,0.7,0,0.7,-10.22
,Haywood Highsmith,"SF,PF",PHO,2,12.6,0.460(1.5/3.2),0.686(0.2/0.4),0.7,3.9,2,0.8,0.5,0.3,0.4,-10.33
,Craig Porter Jr.,"PG,SG",CLE,2,11.4,0.510(1.9/3.7),0.724(0.6/0.9),0.3,4.7,1.7,1.9,0.4,0.3,0.8,-10.44
,Blake Hinson,,UTA,1,20.2,0.451(3.0/6.7),0.526(0.3/0.6),1.6,7.9,2.4,0.8,0.1,0.1,0.2,-10.47
,Marcus Bagley,,PHI,1,12.3,0.390(1.3/3.3),0.792(0.4/0.5),0.2,3.2,3.4,0.5,0.4,0.6,0.3,-10.59
,Maxi Kleber,"PF,C",LAL,2,14,0.413(1.1/2.8),0.727(0.6/0.8),0.5,3.4,2.7,1.3,0.3,0.5,0.6,-10.6
,DaRon Holmes II,"PF,C",DEN,2,14.4,0.491(2.0/4.0),0.712(2.1/2.9),0.3,6.3,2.8,0.9,0.3,0.7,0.7,-10.6
,Branden Carlson,C,OKC,2,7.7,0.444(1.4/3.1),0.772(0.4/0.6),0.7,3.9,1.7,0.4,0.2,0.7,0.2,-10.6
,Baylor Scheierman,SF,BOS,3,14.4,0.355(1.5/4.2),0.756(0.3/0.5),1,4.3,2.5,1.3,0.6,0.1,0.5,-10.73
,Dalen Terry,"SG,SF",PHI,2,14.2,0.447(1.6/3.7),0.667(0.6/1.0),0.5,4.4,2,1.5,0.6,0.3,0.7,-10.74
,Jordan Hawkins,"SG,SF",NO,3,16.5,0.380(2.5/6.5),0.825(0.9/1.1),1.4,7.2,2,0.9,0.3,0.2,0.6,-10.81
,Trayce Jackson-Davis,C,TOR,2,9.2,0.645(1.9/3.0),0.571(0.6/1.1),0,4.5,3.1,0.7,0.3,0.5,0.5,-10.84
,Keshad Johnson,PF,MIA,2,11.4,0.341(1.4/4.1),0.889(0.8/0.9),0.5,4,3,0.1,0.4,0.5,0.4,-11
,Duop Reath,C,ATL,2,10,0.451(1.8/4.0),0.768(0.5/0.7),0.7,4.9,2.1,0.6,0.3,0.3,0.4,-11.15
,Jamir Watkins,"SG,SF",WAS,3,12,0.591(1.3/2.2),0.714(0.4/0.6),0.4,3.4,2.4,0.4,0.1,0.3,0.4,-11.25
,Antonio Reeves,"SG,SF",CHA,2,12,0.461(2.1/4.6),0.785(0.5/0.7),0.9,5.6,1.2,0.7,0.4,0.1,0.6,-11.28
,Nigel Hayes,,MIL,3,12.2,0.433(1.3/3.0),0.000(0.0/0.0),0.3,2.8,2.3,0.5,0.8,0,0.3,-11.29
,Lindy Waters III,"SG,SF",SA,3,11.2,0.401(1.5/3.8),0.786(0.1/0.1),1.1,4.2,1.6,0.8,0.3,0.2,0.3,-11.38
,Bojan Bogdanovic,"SF,PF",BKN,2,13.9,0.453(2.5/5.6),0.787(1.0/1.2),1.1,7.1,1.3,0.8,0.3,0,0.8,-11.46
,Mason Plumlee,C,SA,2,9.1,0.599(1.1/1.8),0.672(0.8/1.2),0,3,3.5,1,0.2,0.3,0.5,-11.57
,Jae'Sean Tate,"SF,PF",HOU,3,12,0.472(1.3/2.8),0.672(0.4/0.6),0.3,3.4,2.4,0.8,0.5,0.2,0.4,-11.67
,Jordan McLaughlin,"PG,SG",SA,2,9,0.438(0.9/2.1),0.744(0.3/0.4),0.6,2.7,1,1.6,0.5,0.1,0.3,-11.69
,Pat Connaughton,"SG,SF",CHA,2,12.4,0.448(1.3/2.9),0.755(0.4/0.5),0.6,3.5,1.9,1.3,0.3,0.2,0.4,-11.7
,Caleb Houstan,"SG,SF",ATL,2,13.7,0.404(1.4/3.4),0.838(0.3/0.4),1.2,4.3,1.4,0.6,0.3,0.1,0.3,-11.72
,Jamal Cain,"SG,SF",ORL,3,11.8,0.431(1.6/3.7),0.711(0.8/1.1),0.6,4.6,1.9,0.5,0.5,0.2,0.5,-11.78
,Julian Phillips,"SF,PF",MIN,2,12.4,0.441(1.4/3.2),0.768(0.6/0.8),0.5,3.9,1.8,0.5,0.4,0.2,0.3,-11.79
,Asa Newell,PF,ATL,2,11.4,0.510(1.6/3.1),0.758(0.9/1.2),0.2,4.4,2,0.3,0.3,0.3,0.3,-11.85
,Ricky Council IV,"SG,SF",BKN,2,13.1,0.402(2.0/5.0),0.782(1.5/1.9),0.6,6.1,2.2,1,0.3,0.1,0.5,-11.86
,Jaden Springer,SG,NO,2,9.4,0.394(1.0/2.6),0.770(0.7/0.9),0.2,3,1.5,0.8,0.7,0.2,0.5,-11.93
,Blake Wesley,"PG,SG",POR,2,13.1,0.456(1.6/3.4),0.644(0.8/1.2),0.3,4.1,1.3,2.4,0.6,0.1,0.9,-11.97
,Tolu Smith,,DET,2,8.4,0.667(2.3/3.4),0.667(0.8/1.1),0,5.3,3,0,0,0,0.8,-12.01
,Cam Christie,"SG,SF",LAC,2,12.3,0.442(1.9/4.3),0.684(1.3/1.9),1,6,2,1,0.3,0.1,0.1,-12.07
,Cory Joseph,PG,ORL,3,11.8,0.392(1.1/2.9),0.727(0.2/0.3),0.7,3.2,1.4,1.5,0.4,0.1,0.4,-12.11
,Dariq Whitehead,"SG,SF",BKN,2,12.1,0.396(1.8/4.6),0.563(0.2/0.3),1.5,5.3,1.5,0.7,0.3,0.1,0.7,-12.18
,Colin Castleton,"PF,C",ORL,3,10.2,0.481(1.2/2.4),0.793(0.7/0.9),0,3.1,2.8,0.7,0.2,0.2,0.6,-12.24
,Taj Gibson,"PF,C",MEM,2,10.6,0.470(1.1/2.3),0.632(0.2/0.4),0.1,2.5,2.7,0.6,0.2,0.4,0.5,-12.28
,Malaki Branham,"SG,SF",CHA,2,11,0.438(2.0/4.5),0.849(0.5/0.5),0.7,5.1,1.1,1.1,0.2,0.1,0.7,-12.34
,Patrick Baldwin Jr.,PF,SAC,2,8.7,0.410(1.1/2.8),0.660(0.3/0.5),0.6,3.2,2.2,0.5,0.3,0.3,0.4,-12.36
,Dwight Powell,C,DAL,2,8.6,0.676(0.7/1.1),0.687(0.6/0.8),0,2,2.1,0.9,0.3,0.3,0.3,-12.42
,Garrett Temple,"PG,SG",TOR,2,9.4,0.343(0.9/2.5),0.841(0.5/0.6),0.3,2.6,1.4,1.1,0.5,0.1,0.4,-12.57
,Reece Beekman,PG,BKN,2,11,0.328(0.8/2.5),0.760(0.4/0.5),0.2,2.2,0.9,1.5,0.8,0.1,0.5,-12.59
,Ariel Hukporti,C,NY,2,8.7,0.680(0.9/1.3),0.453(0.2/0.5),0,1.9,2.1,0.4,0,0.6,0.9,-12.59
,Jett Howard,SF,ORL,3,13.7,0.371(2.0/5.3),0.653(0.3/0.5),1.1,5.3,1.4,0.9,0.3,0.2,0.7,-12.73
,Kobe Bufkin,"PG,SG",LAL,2,11.9,0.375(2.0/5.2),0.653(0.6/1.0),0.5,5.1,2,1.7,0.4,0.3,0.7,-12.74
,Liam McNeeley,SF,CHA,2,12.4,0.383(1.3/3.3),0.850(1.2/1.4),0.5,4.2,1.7,0.7,0.2,0.1,0.6,-12.75
,Tosan Evbuomwan,"SF,PF",CHA,2,10.4,0.446(1.3/3.0),0.730(0.7/1.0),0.4,3.8,1.8,0.7,0.3,0.2,0.5,-12.78
,Damion Baugh,"PG,SG",CHA,2,13.7,0.322(1.4/4.3),0.878(0.4/0.5),0.4,3.6,1.6,1.8,0.5,0.1,1,-12.87
,KJ Simpson,PG,DEN,2,10.4,0.363(1.4/3.8),0.823(0.5/0.6),0.4,3.6,1.4,1.4,0.4,0.1,0.7,-12.88
,Dalano Banton,"SG,SF",BOS,3,8.1,0.397(1.5/3.8),0.758(0.7/0.9),0.5,4.2,1.2,1.1,0.3,0.2,0.6,-13.01
,Johnny Juzang,"SG,SF",MIN,2,9.2,0.406(1.5/3.6),0.756(0.3/0.4),0.7,3.9,1.4,0.6,0.3,0.1,0.3,-13.17
,Rayan Rupert,"PG,SG",MEM,2,12.5,0.369(1.3/3.5),0.766(0.5/0.6),0.5,3.6,1.9,1,0.3,0.1,0.7,-13.19
,MarJon Beauchamp,"SG,SF",PHI,2,8.6,0.468(1.2/2.6),0.709(0.4/0.6),0.5,3.3,1.6,0.5,0.2,0.1,0.5,-13.23
,Joan Beringer,C,MIN,2,8.4,0.525(0.7/1.4),0.567(0.3/0.6),0,1.8,1.6,0.2,0.2,0.5,0.2,-13.49
,Jaylen Martin,,WAS,2,7.9,0.419(1.0/2.5),0.909(0.3/0.3),0.2,2.6,1.5,0.6,0.3,0,0.4,-13.57
,Dillon Jones,"SF,PF",NY,2,10.2,0.382(1.0/2.5),0.615(0.3/0.5),0.3,2.5,2.3,1.1,0.3,0.1,0.5,-13.66
,Jevon Carter,"PG,SG",ORL,2,7.2,0.377(1.1/2.8),0.778(0.1/0.1),0.6,2.8,0.5,0.7,0.3,0.1,0.3,-13.7
,Joe Ingles,SF,MIN,2,6,0.424(0.5/1.2),0.813(0.1/0.2),0.3,1.5,0.7,1.1,0.2,0,0.4,-13.75
,Tyson Etienne,PG,BKN,2,11.4,0.328(1.3/4.0),0.803(0.6/0.8),1,4.2,0.7,0.9,0.2,0.1,0.6,-13.76
,Orlando Robinson,C,ORL,2,5,0.459(0.7/1.6),0.756(0.3/0.5),0.1,1.9,1.4,0.5,0.1,0.1,0.3,-13.82
,Johnny Davis,"SG,SF",MEM,2,9.7,0.406(1.1/2.7),0.578(0.3/0.5),0.2,2.7,1.3,0.5,0.4,0.2,0.2,-13.91
,Taze Moore,,POR,2,10,0.345(1.7/4.9),0.507(0.3/0.7),0.3,4,2.7,1,0.7,0,0.8,-13.99
,Jamaree Bouyea,PG,PHO,2,8.4,0.401(0.9/2.2),0.667(0.2/0.3),0.1,2.1,1.3,1.1,0.3,0.1,0.9,-14.19
,Tyrese Proctor,,CLE,2,12.7,0.213(1.0/4.7),0.000(0.0/0.0),0.7,2.7,1.3,1,0.7,0,1.3,-14.31
,Maxwell Lewis,"SG,SF",BKN,2,7.4,0.379(0.9/2.2),0.696(0.2/0.2),0.4,2.2,1,0.4,0.2,0.1,0.4,-14.33
,Hunter Tyson,"SF,PF",BKN,2,5.3,0.377(0.6/1.7),0.758(0.3/0.3),0.3,1.8,1,0.3,0.1,0.1,0.2,-14.41
,Kam Jones,,IND,2,10.1,0.393(1.1/2.8),0.333(0.1/0.3),0.3,2.6,1.1,1.3,0.3,0,0.3,-14.67
,James Johnson,PF,IND,2,4.1,0.337(0.4/1.0),0.667(0.1/0.2),0,0.8,0.5,0.6,0.3,0.2,0.4,-14.73