,1,2,3,4,5,6,7,8,9,10,11,12,13
Adolfo,Adolfo,Adolfo,Adolfo,,Adolfo,Adolfo,Adolfo,Adolfo,Adolfo,Adolfo,Adolfo,Adolfo,Adolfo
Clay,Clay,Clay,Clay,Clay,Clay,Clay,"Clay, Mario, Reed",Clay,"Clay, Theo, Mario",,,Clay,
Daniel,Daniel,Daniel,Daniel,Daniel,,Daniel,Daniel,Daniel,"Daniel, Reed",Daniel,,"Daniel, Luis",Daniel
Frank,Frank,Frank,Frank,Frank,Frank,Frank,Frank,Frank,Frank,Frank,Frank,Frank,Frank
Henry,Henry,Henry,Henry,,,,Henry,Henry," Henry, Ivan",Henry,"Henry, Daniel, Luis",Henry,Henry
Ivan,Ivan,Ivan,Ivan,Yoshi,"Ivan, Henry","Ivan, Yoshi, Theo",Ivan,Yoshi,,,,,Ivan
Luis,Luis,Luis,Luis,"Luis, Mario","Luis, Daniel","Luis,Henry ","Luis, Theo","Luis, Reed, Mario",Luis,Luis,,,
Mario,Mario,Mario,Mario,,,,,,Yoshi,"Mario, Reed","Mario, Clay","Mario, Clay",Mario
Reed,Reed,Reed,Reed,Reed,Reed,Reed,,,,Clay,Reed,Reed,Reed
Theo,Theo,Theo,Theo,,,,,Theo,,Theo,Theo,Theo,"Theo, Clay, Luis"
Yoshi,Yoshi,Yoshi,Yoshi,,"Yoshi, Mario",Mario,Yoshi,,,"Yoshi, Ivan","Yoshi, Ivan","Yoshi, Ivan",Yoshi
Z,Z,Z,Z,"Z, Theo, Henry, Adolfo, Ivan","Z, Theo",Z,Z,"Z, Ivan",Z,Z,Z,Z,Z
,,,,,,,,,,,,,
,,,,,,,,,,,,,
,,,,,,,,,,,,,
,,,,,,,,,,,,,
,,,,,,,,,,,,,
*Ivan has right to Z's best excess pick,,,,,,,,,,,,,
*Theo has right to Z's 2nd best excess pick,,,,,,,,,,,,,